group,avg_time
60,619.6923076923077
70,466.14285714285717
80,734.5
90,524.8181818181819
100,546.3846153846154
110,326.05882352941177
120,450.3333333333333
130,569.2857142857143
140,413.2
150,431.7692307692308
170,396.1666666666667
180,417.3076923076923
190,330.0833333333333
