group,avg_time
0,1134.625
300,2398
600,2824
900,2409
1500,4142.333333333333
1800,1791.2
2100,1295.75
2400,284
2700,1338
3000,922
3300,1696.75
3900,1089.142857142857
5100,3268
6900,1275
7500,762
7800,276.5
8100,319
