group,avg_time
0,0
3900,3114.391304347826
4200,1786.8
4800,593
5100,2356.25
5400,655.0909090909091
5700,394.54545454545456
6000,574
6300,215
6600,338.9166666666667
6900,614
7200,4190.333333333333
7500,2420.3333333333335
7800,627.6666666666666
8100,1563.5
8400,1503.2
8700,337.25
9000,431.7692307692308
9600,2931
10200,494.3333333333333
10500,298
10800,436.55555555555554
11100,374
11400,339.1818181818182
11700,230
12000,381
