group,avg_time
0,2818
300,1955.0625
900,593
1500,565.5
2400,879
2700,345.75
3000,1008.6666666666666
3300,2988.6
3600,2815.4
3900,1260.2
4200,865.8571428571429
4500,1588.75
