group,avg_time
0,594.4375
300,461
900,593
1500,565.5
2400,879
2700,345.75
3000,438.4
3300,472.5
3600,1268
3900,533.25
4200,520.8333333333334
4500,721.3333333333334
