group,avg_time
0,244.66666666666666
300,267
1800,1407
2100,926.3333333333334
2400,284
2700,586.1666666666666
3000,369.75
3300,523.6666666666666
3900,460.6666666666667
6900,1275
7500,762
7800,276.5
8100,319
