group,avg_time
3600,673.1111111111111
4200,947.6666666666666
4800,437.25
5400,336.52941176470586
6000,301.5
6600,451.44444444444446
7200,503.3333333333333
7800,389.4
8400,328
9000,534.2222222222222
10200,590
10800,417.1111111111111
11400,353.8
