group,avg_time
3600,3114.391304347826
4200,1786.8
4800,2003.6
5400,524.8181818181819
6000,546.3846153846154
6600,430.6111111111111
7200,3010.3333333333335
7800,861.625
8400,680.1764705882352
9000,431.7692307692308
9600,2931
10200,396.1666666666667
10800,417.3076923076923
11400,330.0833333333333
