group,avg_time
0,0
3900,2137.3571428571427
4200,1764.6666666666667
4500,3745
4800,1780
5100,1513.3333333333333
5400,2411.125
5700,553.8666666666667
6000,1064.142857142857
6300,1762.25
6900,867.8
7200,2816.5
7800,1133
8400,846
9000,1461
9300,526.2857142857143
10500,590
10800,583.3333333333334
11100,334
11400,753
11700,254
12000,310
