group,avg_time
60,2137.3571428571427
70,2556.8
80,1634.5454545454545
90,1199.8695652173913
100,1318
110,867.8
120,2816.5
130,1133
140,846
150,806.7
170,590
180,417.1111111111111
190,353.8
